{
  "borrow: first": "191325",
  "borrow: second action, same reserve": "171297",
  "liquidationCall (receiveShares): full": "300103",
  "liquidationCall (receiveShares): partial": "299821",
  "liquidationCall: full": "310468",
  "liquidationCall: partial": "310186",
  "permitReserve + repay (multicall)": "166029",
  "permitReserve + supply (multicall)": "146862",
  "permitReserve + supply + enable collateral (multicall)": "160573",
  "repay: full": "126094",
  "repay: partial": "130983",
  "setUserPositionManagerWithSig: disable": "44846",
  "setUserPositionManagerWithSig: enable": "68875",
  "supply + enable collateral (multicall)": "140624",
  "supply: 0 borrows, collateral disabled": "123679",
  "supply: 0 borrows, collateral enabled": "106601",
  "supply: second action, same reserve": "106579",
  "updateUserDynamicConfig: 1 collateral": "73694",
  "updateUserDynamicConfig: 2 collaterals": "88551",
  "updateUserRiskPremium: 1 borrow": "94804",
  "updateUserRiskPremium: 2 borrows": "104619",
  "usingAsCollateral: 0 borrows, enable": "58915",
  "usingAsCollateral: 1 borrow, disable": "105072",
  "usingAsCollateral: 1 borrow, enable": "41803",
  "usingAsCollateral: 2 borrows, disable": "126055",
  "usingAsCollateral: 2 borrows, enable": "41815",
  "withdraw: 0 borrows, full": "128910",
  "withdraw: 0 borrows, partial": "133473",
  "withdraw: 1 borrow, partial": "161036",
  "withdraw: 2 borrows, partial": "174214",
  "withdraw: non collateral": "106544"
}