{
  "borrow: first": "261721",
  "borrow: second action, same reserve": "204693",
  "liquidationCall (receiveShares): full": "333666",
  "liquidationCall (receiveShares): partial": "333384",
  "liquidationCall: full": "344031",
  "liquidationCall: partial": "343749",
  "permitReserve + repay (multicall)": "163273",
  "permitReserve + supply (multicall)": "146862",
  "permitReserve + supply + enable collateral (multicall)": "160573",
  "repay: full": "120256",
  "repay: partial": "139545",
  "setUserPositionManagerWithSig: disable": "44846",
  "setUserPositionManagerWithSig: enable": "68875",
  "supply + enable collateral (multicall)": "140624",
  "supply: 0 borrows, collateral disabled": "123679",
  "supply: 0 borrows, collateral enabled": "106601",
  "supply: second action, same reserve": "106579",
  "updateUserDynamicConfig: 1 collateral": "73694",
  "updateUserDynamicConfig: 2 collaterals": "88551",
  "updateUserRiskPremium: 1 borrow": "151080",
  "updateUserRiskPremium: 2 borrows": "204276",
  "usingAsCollateral: 0 borrows, enable": "58915",
  "usingAsCollateral: 1 borrow, disable": "161348",
  "usingAsCollateral: 1 borrow, enable": "41803",
  "usingAsCollateral: 2 borrows, disable": "233712",
  "usingAsCollateral: 2 borrows, enable": "41815",
  "withdraw: 0 borrows, full": "128910",
  "withdraw: 0 borrows, partial": "133473",
  "withdraw: 1 borrow, partial": "214810",
  "withdraw: 2 borrows, partial": "259272",
  "withdraw: non collateral": "106544"
}